Task ID,Task Name,Description,Priority,Status,Owner,Due Date,Category,Compliance,Notes
CISO-001,Cybersecurity Strategy Development,Develop comprehensive cybersecurity strategy aligned with business objectives,Critical,Not Started,CISO,2024-12-31,Strategic Planning,SOX;GDPR;HIPAA;PCI DSS;SOC2,Include risk assessment and threat modeling
CISO-002,Enterprise Risk Assessment,Conduct enterprise-wide risk assessment and threat modeling,High,Not Started,CISO,2024-12-31,Risk Management,SOX;GDPR;HIPAA;PCI DSS;SOC2,Include business impact analysis
CISO-003,Security Policy Development,Create and maintain comprehensive security policies and procedures,High,Not Started,CISO,2024-12-31,Governance,SOX;GDPR;HIPAA;PCI DSS;SOC2,Include incident response procedures
CISO-004,Board Security Briefing,Prepare and deliver regular security briefings to board of directors,Critical,Not Started,CISO,2024-12-31,Executive Communication,SOX;GDPR;HIPAA;PCI DSS;SOC2,Include security metrics and KPIs
CISO-005,Security Budget Planning,Develop and manage security budget and resource allocation,High,Not Started,CISO,2024-12-31,Financial Management,SOX;GDPR;HIPAA;PCI DSS;SOC2,Include ROI analysis
CISO-006,Compliance Program Management,Establish and maintain comprehensive compliance program,High,Not Started,CISO,2024-12-31,Compliance,SOX;GDPR;HIPAA;PCI DSS;SOC2,Include audit management
CISO-007,Security Operations Center (SOC),Establish and maintain security operations center,High,Not Started,CISO,2024-12-31,Security Operations,SOX;GDPR;HIPAA;PCI DSS;SOC2,Include 24/7 monitoring
CISO-008,Incident Response Program,Develop and maintain incident response program and procedures,Critical,Not Started,CISO,2024-12-31,Incident Response,SOX;GDPR;HIPAA;PCI DSS;SOC2,Include crisis management
CISO-009,Threat Intelligence Program,Establish and maintain threat intelligence program,Medium,Not Started,CISO,2024-12-31,Threat Management,SOX;GDPR;HIPAA;PCI DSS;SOC2,Include threat hunting
CISO-010,Security Architecture Design,Design and implement enterprise security architecture,High,Not Started,CISO,2024-12-31,Architecture,SOX;GDPR;HIPAA;PCI DSS;SOC2,Include zero-trust implementation
CISO-011,Identity and Access Management,Implement comprehensive IAM program and governance,High,Not Started,CISO,2024-12-31,Identity Management,SOX;GDPR;HIPAA;PCI DSS;SOC2,Include privileged access management
CISO-012,Cloud Security Strategy,Develop and implement cloud security strategy and governance,High,Not Started,CISO,2024-12-31,Cloud Security,SOX;GDPR;HIPAA;PCI DSS;SOC2,Include multi-cloud security
CISO-013,Data Protection Program,Implement comprehensive data protection and privacy program,High,Not Started,CISO,2024-12-31,Data Protection,SOX;GDPR;HIPAA;PCI DSS;SOC2,Include data classification
CISO-014,Security Awareness Training,Develop and implement security awareness and training program,Medium,Not Started,CISO,2024-12-31,Training,SOX;GDPR;HIPAA;PCI DSS;SOC2,Include phishing simulation
CISO-015,Vendor Risk Management,Establish and maintain vendor risk management program,Medium,Not Started,CISO,2024-12-31,Vendor Management,SOX;GDPR;HIPAA;PCI DSS;SOC2,Include third-party assessments
CISO-016,Security Metrics and Reporting,Establish comprehensive security metrics and reporting program,Medium,Not Started,CISO,2024-12-31,Reporting,SOX;GDPR;HIPAA;PCI DSS;SOC2,Include executive dashboards
CISO-017,Security Audit Program,Establish and maintain security audit program,High,Not Started,CISO,2024-12-31,Audit,SOX;GDPR;HIPAA;PCI DSS;SOC2,Include internal and external audits
CISO-018,Business Continuity Planning,Develop and maintain business continuity and disaster recovery plans,Critical,Not Started,CISO,2024-12-31,Continuity,SOX;GDPR;HIPAA;PCI DSS;SOC2,Include crisis management
CISO-019,Security Team Development,Build and develop high-performing security team,High,Not Started,CISO,2024-12-31,Team Management,SOX;GDPR;HIPAA;PCI DSS;SOC2,Include training and development
CISO-020,Security Technology Evaluation,Evaluate and select security technologies and solutions,Medium,Not Started,CISO,2024-12-31,Technology,SOX;GDPR;HIPAA;PCI DSS;SOC2,Include proof of concept
CISO-021,Regulatory Compliance Management,Ensure compliance with applicable regulations and standards,High,Not Started,CISO,2024-12-31,Compliance,SOX;GDPR;HIPAA;PCI DSS;SOC2,Include regulatory reporting
CISO-022,Security Risk Communication,Communicate security risks to stakeholders and executive leadership,High,Not Started,CISO,2024-12-31,Communication,SOX;GDPR;HIPAA;PCI DSS;SOC2,Include risk appetite
CISO-023,Security Program Maturity Assessment,Assess and improve security program maturity,Medium,Not Started,CISO,2024-12-31,Assessment,SOX;GDPR;HIPAA;PCI DSS;SOC2,Include benchmarking
CISO-024,Security Innovation and Research,Stay current with emerging security technologies and trends,Low,Not Started,CISO,2024-12-31,Innovation,SOX;GDPR;HIPAA;PCI DSS;SOC2,Include industry research
CISO-025,Security Stakeholder Management,Manage relationships with internal and external stakeholders,Medium,Not Started,CISO,2024-12-31,Stakeholder Management,SOX;GDPR;HIPAA;PCI DSS;SOC2,Include vendor relationships

