Task ID,Task Name,Description,Priority,Status,Assigned To,Due Date,Completion Date,Notes,OWASP Mapping,Compliance,Category
TR-001,Threat Research Program Implementation,Implement comprehensive threat research program,High,Pending,Threat Researcher Team,2024-01-15,,Establish threat research capabilities,OWASP A01-A10,NIST/ISO27001,Threat Research
TR-002,Intelligence Research Setup,Implement threat intelligence research systems,High,Pending,Threat Researcher Team,2024-01-20,,Deploy intelligence research tools,OWASP A01-A10,NIST/ISO27001,Intelligence Research
TR-003,Campaign Tracking Implementation,Establish campaign tracking and attribution capabilities,High,Pending,Threat Researcher Team,2024-01-25,,Develop campaign tracking methodologies,OWASP A01-A10,NIST/ISO27001,Campaign Tracking
TR-004,Threat Actor Profiling,Implement threat actor profiling and behavior analysis,High,Pending,Threat Researcher Team,2024-01-30,,Conduct comprehensive actor profiling,OWASP A01-A10,NIST/ISO27001,Threat Actor Profiling
TR-005,Intelligence Gathering,Establish intelligence gathering and collection processes,Medium,Pending,Threat Researcher Team,2024-02-05,,Develop intelligence collection methodologies,OWASP A01-A10,NIST/ISO27001,Intelligence Gathering
TR-006,Threat Landscape Assessment,Implement threat landscape assessment and reporting,Medium,Pending,Threat Researcher Team,2024-02-10,,Conduct comprehensive threat assessments,OWASP A01-A10,NIST/ISO27001,Threat Assessment
TR-007,Research Automation,Implement threat research automation and tooling,High,Pending,Threat Researcher Team,2024-02-15,,Automate research processes,OWASP A01-A10,NIST/ISO27001,Automation
TR-008,Research Quality Assurance,Establish research quality assurance and validation,Medium,Pending,Threat Researcher Team,2024-02-20,,Ensure research quality,OWASP A01-A10,NIST/ISO27001,Quality Assurance
TR-009,Research Metrics,Establish threat research metrics and KPIs,Medium,Pending,Threat Researcher Team,2024-02-25,,Track research effectiveness,OWASP A01-A10,NIST/ISO27001,Measurement
TR-010,Research Training Program,Provide comprehensive threat research training,Medium,Pending,Threat Researcher Team,2024-03-01,,Train teams on research techniques,OWASP A01-A10,NIST/ISO27001,Training
TR-011,Research Documentation,Create comprehensive threat research documentation,Medium,Pending,Threat Researcher Team,2024-03-05,,Document research procedures,OWASP A01-A10,NIST/ISO27001,Documentation
TR-012,Research Tools Implementation,Implement and configure threat research tools,High,Pending,Threat Researcher Team,2024-03-10,,Deploy research platforms,OWASP A01-A10,NIST/ISO27001,Tooling
TR-013,Research Collaboration,Establish threat research collaboration and partnerships,Medium,Pending,Threat Researcher Team,2024-03-15,,Collaborate with external partners,OWASP A01-A10,NIST/ISO27001,Collaboration
TR-014,Research Compliance,Ensure compliance with intelligence and security standards,High,Pending,Threat Researcher Team,2024-03-20,,Maintain compliance with standards,OWASP A01-A10,NIST/ISO27001,Compliance
TR-015,Research Innovation,Research and implement new threat research techniques,Low,Pending,Threat Researcher Team,2024-03-25,,Innovate research methodologies,OWASP A01-A10,NIST/ISO27001,Innovation
TR-016,Research Risk Management,Implement risk management for threat research,Medium,Pending,Threat Researcher Team,2024-03-30,,Manage research risks,OWASP A01-A10,NIST/ISO27001,Risk Management
TR-017,Research Communication,Establish research communication and reporting,Medium,Pending,Threat Researcher Team,2024-04-05,,Communicate research findings,OWASP A01-A10,NIST/ISO27001,Communication
TR-018,Research Continuous Improvement,Implement continuous improvement for threat research,High,Pending,Threat Researcher Team,2024-04-10,,Continuously improve research processes,OWASP A01-A10,NIST/ISO27001,Improvement
TR-019,Research Stakeholder Management,Manage relationships with key stakeholders,Medium,Pending,Threat Researcher Team,2024-04-15,,Manage stakeholder relationships,OWASP A01-A10,NIST/ISO27001,Stakeholder Management
TR-020,Research Technology Evaluation,Evaluate and implement new threat research technologies,Medium,Pending,Threat Researcher Team,2024-04-20,,Research new research technologies,OWASP A01-A10,NIST/ISO27001,Technology
TR-021,Research Process Standardization,Standardize threat research processes across teams,Medium,Pending,Threat Researcher Team,2024-04-25,,Standardize research processes,OWASP A01-A10,NIST/ISO27001,Standardization
TR-022,Research Performance Monitoring,Implement performance monitoring for threat research,Medium,Pending,Threat Researcher Team,2024-04-30,,Monitor research performance,OWASP A01-A10,NIST/ISO27001,Performance Monitoring
TR-023,Research Vendor Management,Manage third-party research vendors and services,Medium,Pending,Threat Researcher Team,2024-05-05,,Manage vendor relationships,OWASP A01-A10,NIST/ISO27001,Vendor Management
TR-024,Research Cost Optimization,Implement cost optimization for threat research,Medium,Pending,Threat Researcher Team,2024-05-10,,Optimize research costs,OWASP A01-A10,NIST/ISO27001,Cost Management
TR-025,Research Security,Implement security measures for threat research,High,Pending,Threat Researcher Team,2024-05-15,,Secure research operations,OWASP A01-A10,NIST/ISO27001,Security

